id,title,price,description,category,image
1,Intelligent Frozen Bike,553.00,"New range of formal shirts are designed keeping you in mind. With fits and styling that will make you stand apart",Electronics,https://related-items-pictures.s3-us-west-2.amazonaws.com/images/949.jpg
2,Practical Plastic Ball,301.00,"The Nagasaki Lander is the trademarked name of several series of Nagasaki sport bikes, that started with the 1984 ABC800J",Baby,https://related-items-pictures.s3-us-west-2.amazonaws.com/images/242.jpg
3,Licensed Plastic Hat,499.00,"Andy shoes are designed to keeping in mind durability as well as trends, the most stylish range of shoes & sandals",Shoes,https://related-items-pictures.s3-us-west-2.amazonaws.com/images/970.jpg
4,Practical Frozen Tuna,2.00,"The beautiful range of Apple Naturalé that has an exciting mix of natural ingredients. With the Goodness of 100% Natural Ingredients",Movies,https://related-items-pictures.s3-us-west-2.amazonaws.com/images/448.jpg
5,Tasty Rubber Shoes,419.00,"The Nagasaki Lander is the trademarked name of several series of Nagasaki sport bikes, that started with the 1984 ABC800J",Kids,https://related-items-pictures.s3-us-west-2.amazonaws.com/images/629.jpg
6,Refined Wooden Pants,309.00,"The slim & simple Maple Gaming Keyboard from Dev Byte comes with a sleek body and 7- Color RGB LED Back-lighting for smart functionality",Computers,https://related-items-pictures.s3-us-west-2.amazonaws.com/images/243.jpg
7,Tasty Rubber Chicken,931.00,"The Apollotech B340 is an affordable wireless mouse with reliable connectivity, 12 months battery life and modern design",Jewelery,https://related-items-pictures.s3-us-west-2.amazonaws.com/images/444.jpg
8,Incredible Rubber Table,143.00,"The automobile layout consists of a front-engine design, with transaxle-type transmissions mounted at the rear of the engine and four wheel drive",Beauty,https://related-items-pictures.s3-us-west-2.amazonaws.com/images/739.jpg
9,Gorgeous Granite Shoes,243.00,"Andy shoes are designed to keeping in mind durability as well as trends, the most stylish range of shoes & sandals",Baby,https://related-items-pictures.s3-us-west-2.amazonaws.com/images/416.jpg
10,Licensed Wooden Hat,621.00,"Andy shoes are designed to keeping in mind durability as well as trends, the most stylish range of shoes & sandals",Industrial,https://related-items-pictures.s3-us-west-2.amazonaws.com/images/683.jpg
11,Practical Rubber Chair,158.00,"The slim & simple Maple Gaming Keyboard from Dev Byte comes with a sleek body and 7- Color RGB LED Back-lighting for smart functionality",Garden,https://related-items-pictures.s3-us-west-2.amazonaws.com/images/327.jpg
12,Small Concrete Tuna,45.00,"The beautiful range of Apple Naturalé that has an exciting mix of natural ingredients. With the Goodness of 100% Natural Ingredients",Books,https://related-items-pictures.s3-us-west-2.amazonaws.com/images/928.jpg
13,Generic Plastic Computer,320.00,"The beautiful range of Apple Naturalé that has an exciting mix of natural ingredients. With the Goodness of 100% Natural Ingredients",Kids,https://related-items-pictures.s3-us-west-2.amazonaws.com/images/92.jpg
14,Handcrafted Concrete Ball,926.00,"New ABC 13 9370, 13.3, 5th Gen CoreA5-8250U, 8GB RAM, 256GB SSD, power UHD Graphics, OS 10 Home, OS Office A & J 2016",Clothing,https://related-items-pictures.s3-us-west-2.amazonaws.com/images/845.jpg
15,Tasty Rubber Chicken,880.00,"The Apollotech B340 is an affordable wireless mouse with reliable connectivity, 12 months battery life and modern design",Baby,https://related-items-pictures.s3-us-west-2.amazonaws.com/images/154.jpg
16,Sleek Fresh Chair,554.00,"The Apollotech B340 is an affordable wireless mouse with reliable connectivity, 12 months battery life and modern design",Music,https://related-items-pictures.s3-us-west-2.amazonaws.com/images/318.jpg
17,Intelligent Wooden Pizza,256.00,"Ergonomic executive chair upholstered in bonded black leather and PVC padded seat and back for all-day comfort and support",Computers,https://related-items-pictures.s3-us-west-2.amazonaws.com/images/92.jpg
18,Handmade Wooden Computer,300.00,"The slim & simple Maple Gaming Keyboard from Dev Byte comes with a sleek body and 7- Color RGB LED Back-lighting for smart functionality",Clothing,https://related-items-pictures.s3-us-west-2.amazonaws.com/images/254.jpg
19,Handmade Cotton Pants,754.00,"The Nagasaki Lander is the trademarked name of several series of Nagasaki sport bikes, that started with the 1984 ABC800J",Tools,https://related-items-pictures.s3-us-west-2.amazonaws.com/images/666.jpg
20,Rustic Steel Shirt,969.00,"New ABC 13 9370, 13.3, 5th Gen CoreA5-8250U, 8GB RAM, 256GB SSD, power UHD Graphics, OS 10 Home, OS Office A & J 2016",Beauty,https://related-items-pictures.s3-us-west-2.amazonaws.com/images/532.jpg
21,Sleek Fresh Mouse,309.00,"Boston's most advanced compression wear technology increases muscle oxygenation, stabilizes active muscles",Sports,https://related-items-pictures.s3-us-west-2.amazonaws.com/images/468.jpg
22,Small Concrete Fish,500.00,"The Nagasaki Lander is the trademarked name of several series of Nagasaki sport bikes, that started with the 1984 ABC800J",Computers,https://related-items-pictures.s3-us-west-2.amazonaws.com/images/584.jpg
23,Licensed Rubber Chicken,521.00,"New ABC 13 9370, 13.3, 5th Gen CoreA5-8250U, 8GB RAM, 256GB SSD, power UHD Graphics, OS 10 Home, OS Office A & J 2016",Health,https://related-items-pictures.s3-us-west-2.amazonaws.com/images/357.jpg
24,Awesome Cotton Towels,560.00,"The Nagasaki Lander is the trademarked name of several series of Nagasaki sport bikes, that started with the 1984 ABC800J",Jewelery,https://related-items-pictures.s3-us-west-2.amazonaws.com/images/572.jpg
25,Handmade Plastic Pants,218.00,"Carbonite web goalkeeper gloves are ergonomically designed to give easy fit",Beauty,https://related-items-pictures.s3-us-west-2.amazonaws.com/images/943.jpg
26,Unbranded Plastic Table,651.00,"The slim & simple Maple Gaming Keyboard from Dev Byte comes with a sleek body and 7- Color RGB LED Back-lighting for smart functionality",Music,https://related-items-pictures.s3-us-west-2.amazonaws.com/images/604.jpg
27,Handmade Fresh Shirt,829.00,"The slim & simple Maple Gaming Keyboard from Dev Byte comes with a sleek body and 7- Color RGB LED Back-lighting for smart functionality",Automotive,https://related-items-pictures.s3-us-west-2.amazonaws.com/images/373.jpg
28,Incredible Frozen Shirt,799.00,"The Apollotech B340 is an affordable wireless mouse with reliable connectivity, 12 months battery life and modern design",Baby,https://related-items-pictures.s3-us-west-2.amazonaws.com/images/733.jpg
29,Intelligent Frozen Car,67.00,"Boston's most advanced compression wear technology increases muscle oxygenation, stabilizes active muscles",Health,https://related-items-pictures.s3-us-west-2.amazonaws.com/images/932.jpg
30,Fantastic Steel Chair,452.00,"The Apollotech B340 is an affordable wireless mouse with reliable connectivity, 12 months battery life and modern design",Jewelery,https://related-items-pictures.s3-us-west-2.amazonaws.com/images/728.jpg
31,Generic Fresh Salad,310.00,"The slim & simple Maple Gaming Keyboard from Dev Byte comes with a sleek body and 7- Color RGB LED Back-lighting for smart functionality",Electronics,https://related-items-pictures.s3-us-west-2.amazonaws.com/images/426.jpg
32,Sleek Rubber Salad,336.00,"The slim & simple Maple Gaming Keyboard from Dev Byte comes with a sleek body and 7- Color RGB LED Back-lighting for smart functionality",Games,https://related-items-pictures.s3-us-west-2.amazonaws.com/images/837.jpg
33,Unbranded Metal Pants,438.00,"The automobile layout consists of a front-engine design, with transaxle-type transmissions mounted at the rear of the engine and four wheel drive",Jewelery,https://related-items-pictures.s3-us-west-2.amazonaws.com/images/499.jpg
34,Licensed Cotton Ball,210.00,"New range of formal shirts are designed keeping you in mind. With fits and styling that will make you stand apart",Industrial,https://related-items-pictures.s3-us-west-2.amazonaws.com/images/191.jpg
35,Rustic Steel Pizza,191.00,"The Apollotech B340 is an affordable wireless mouse with reliable connectivity, 12 months battery life and modern design",Grocery,https://related-items-pictures.s3-us-west-2.amazonaws.com/images/765.jpg
36,Refined Granite Chips,543.00,"The Football Is Good For Training And Recreational Purposes",Health,https://related-items-pictures.s3-us-west-2.amazonaws.com/images/887.jpg
37,Gorgeous Fresh Fish,601.00,"The automobile layout consists of a front-engine design, with transaxle-type transmissions mounted at the rear of the engine and four wheel drive",Tools,https://related-items-pictures.s3-us-west-2.amazonaws.com/images/294.jpg
38,Licensed Metal Ball,378.00,"Andy shoes are designed to keeping in mind durability as well as trends, the most stylish range of shoes & sandals",Kids,https://related-items-pictures.s3-us-west-2.amazonaws.com/images/880.jpg
39,Sleek Fresh Car,242.00,"Andy shoes are designed to keeping in mind durability as well as trends, the most stylish range of shoes & sandals",Electronics,https://related-items-pictures.s3-us-west-2.amazonaws.com/images/288.jpg
40,Licensed Plastic Bacon,744.00,"Andy shoes are designed to keeping in mind durability as well as trends, the most stylish range of shoes & sandals",Music,https://related-items-pictures.s3-us-west-2.amazonaws.com/images/642.jpg
41,Small Cotton Hat,836.00,"Carbonite web goalkeeper gloves are ergonomically designed to give easy fit",Outdoors,https://related-items-pictures.s3-us-west-2.amazonaws.com/images/527.jpg
42,Licensed Metal Towels,355.00,"New range of formal shirts are designed keeping you in mind. With fits and styling that will make you stand apart",Games,https://related-items-pictures.s3-us-west-2.amazonaws.com/images/547.jpg
43,Unbranded Granite Towels,340.00,"The Football Is Good For Training And Recreational Purposes",Computers,https://related-items-pictures.s3-us-west-2.amazonaws.com/images/213.jpg
44,Licensed Cotton Fish,250.00,"The automobile layout consists of a front-engine design, with transaxle-type transmissions mounted at the rear of the engine and four wheel drive",Automotive,https://related-items-pictures.s3-us-west-2.amazonaws.com/images/376.jpg
45,Small Frozen Soap,819.00,"Andy shoes are designed to keeping in mind durability as well as trends, the most stylish range of shoes & sandals",Clothing,https://related-items-pictures.s3-us-west-2.amazonaws.com/images/507.jpg
46,Sleek Concrete Sausages,39.00,"The slim & simple Maple Gaming Keyboard from Dev Byte comes with a sleek body and 7- Color RGB LED Back-lighting for smart functionality",Shoes,https://related-items-pictures.s3-us-west-2.amazonaws.com/images/810.jpg
47,Incredible Wooden Chair,194.00,"The Football Is Good For Training And Recreational Purposes",Industrial,https://related-items-pictures.s3-us-west-2.amazonaws.com/images/454.jpg
48,Handcrafted Soft Computer,302.00,"Andy shoes are designed to keeping in mind durability as well as trends, the most stylish range of shoes & sandals",Garden,https://related-items-pictures.s3-us-west-2.amazonaws.com/images/618.jpg
49,Practical Soft Table,897.00,"The beautiful range of Apple Naturalé that has an exciting mix of natural ingredients. With the Goodness of 100% Natural Ingredients",Grocery,https://related-items-pictures.s3-us-west-2.amazonaws.com/images/680.jpg
50,Ergonomic Soft Gloves,819.00,"New range of formal shirts are designed keeping you in mind. With fits and styling that will make you stand apart",Automotive,https://related-items-pictures.s3-us-west-2.amazonaws.com/images/452.jpg
51,Ergonomic Granite Tuna,692.00,"Andy shoes are designed to keeping in mind durability as well as trends, the most stylish range of shoes & sandals",Books,https://related-items-pictures.s3-us-west-2.amazonaws.com/images/180.jpg
52,Gorgeous Steel Cheese,660.00,"Boston's most advanced compression wear technology increases muscle oxygenation, stabilizes active muscles",Outdoors,https://related-items-pictures.s3-us-west-2.amazonaws.com/images/762.jpg
53,Rustic Fresh Bacon,554.00,"New ABC 13 9370, 13.3, 5th Gen CoreA5-8250U, 8GB RAM, 256GB SSD, power UHD Graphics, OS 10 Home, OS Office A & J 2016",Garden,https://related-items-pictures.s3-us-west-2.amazonaws.com/images/397.jpg
54,Generic Plastic Chips,326.00,"Ergonomic executive chair upholstered in bonded black leather and PVC padded seat and back for all-day comfort and support",Garden,https://related-items-pictures.s3-us-west-2.amazonaws.com/images/40.jpg
55,Small Rubber Shoes,538.00,"New range of formal shirts are designed keeping you in mind. With fits and styling that will make you stand apart",Clothing,https://related-items-pictures.s3-us-west-2.amazonaws.com/images/761.jpg
56,Sleek Granite Salad,537.00,"Boston's most advanced compression wear technology increases muscle oxygenation, stabilizes active muscles",Industrial,https://related-items-pictures.s3-us-west-2.amazonaws.com/images/525.jpg
57,Handmade Granite Shoes,537.00,"The automobile layout consists of a front-engine design, with transaxle-type transmissions mounted at the rear of the engine and four wheel drive",Electronics,https://related-items-pictures.s3-us-west-2.amazonaws.com/images/901.jpg
58,Rustic Steel Tuna,19.00,"The Football Is Good For Training And Recreational Purposes",Grocery,https://related-items-pictures.s3-us-west-2.amazonaws.com/images/986.jpg
59,Practical Steel Chips,128.00,"The Football Is Good For Training And Recreational Purposes",Automotive,https://related-items-pictures.s3-us-west-2.amazonaws.com/images/383.jpg
60,Intelligent Frozen Salad,230.00,"The slim & simple Maple Gaming Keyboard from Dev Byte comes with a sleek body and 7- Color RGB LED Back-lighting for smart functionality",Toys,https://related-items-pictures.s3-us-west-2.amazonaws.com/images/455.jpg
61,Gorgeous Plastic Mouse,249.00,"The beautiful range of Apple Naturalé that has an exciting mix of natural ingredients. With the Goodness of 100% Natural Ingredients",Music,https://related-items-pictures.s3-us-west-2.amazonaws.com/images/699.jpg
62,Refined Cotton Keyboard,161.00,"Carbonite web goalkeeper gloves are ergonomically designed to give easy fit",Computers,https://related-items-pictures.s3-us-west-2.amazonaws.com/images/806.jpg
63,Ergonomic Wooden Pizza,751.00,"The Apollotech B340 is an affordable wireless mouse with reliable connectivity, 12 months battery life and modern design",Toys,https://related-items-pictures.s3-us-west-2.amazonaws.com/images/190.jpg
64,Handcrafted Steel Sausages,661.00,"Boston's most advanced compression wear technology increases muscle oxygenation, stabilizes active muscles",Beauty,https://related-items-pictures.s3-us-west-2.amazonaws.com/images/547.jpg
65,Licensed Wooden Hat,548.00,"Ergonomic executive chair upholstered in bonded black leather and PVC padded seat and back for all-day comfort and support",Industrial,https://related-items-pictures.s3-us-west-2.amazonaws.com/images/86.jpg
66,Handmade Cotton Shirt,428.00,"The automobile layout consists of a front-engine design, with transaxle-type transmissions mounted at the rear of the engine and four wheel drive",Sports,https://related-items-pictures.s3-us-west-2.amazonaws.com/images/383.jpg
67,Handcrafted Rubber Mouse,915.00,"Boston's most advanced compression wear technology increases muscle oxygenation, stabilizes active muscles",Computers,https://related-items-pictures.s3-us-west-2.amazonaws.com/images/4.jpg
68,Licensed Frozen Towels,674.00,"The beautiful range of Apple Naturalé that has an exciting mix of natural ingredients. With the Goodness of 100% Natural Ingredients",Games,https://related-items-pictures.s3-us-west-2.amazonaws.com/images/801.jpg
69,Refined Concrete Salad,860.00,"The automobile layout consists of a front-engine design, with transaxle-type transmissions mounted at the rear of the engine and four wheel drive",Automotive,https://related-items-pictures.s3-us-west-2.amazonaws.com/images/992.jpg
70,Ergonomic Plastic Computer,58.00,"New ABC 13 9370, 13.3, 5th Gen CoreA5-8250U, 8GB RAM, 256GB SSD, power UHD Graphics, OS 10 Home, OS Office A & J 2016",Jewelery,https://related-items-pictures.s3-us-west-2.amazonaws.com/images/741.jpg
71,Unbranded Soft Pizza,706.00,"The Apollotech B340 is an affordable wireless mouse with reliable connectivity, 12 months battery life and modern design",Kids,https://related-items-pictures.s3-us-west-2.amazonaws.com/images/932.jpg
72,Unbranded Metal Salad,650.00,"Ergonomic executive chair upholstered in bonded black leather and PVC padded seat and back for all-day comfort and support",Health,https://related-items-pictures.s3-us-west-2.amazonaws.com/images/818.jpg
73,Refined Granite Keyboard,595.00,"New range of formal shirts are designed keeping you in mind. With fits and styling that will make you stand apart",Kids,https://related-items-pictures.s3-us-west-2.amazonaws.com/images/671.jpg
74,Licensed Metal Shirt,884.00,"Ergonomic executive chair upholstered in bonded black leather and PVC padded seat and back for all-day comfort and support",Beauty,https://related-items-pictures.s3-us-west-2.amazonaws.com/images/390.jpg
75,Gorgeous Plastic Hat,360.00,"Boston's most advanced compression wear technology increases muscle oxygenation, stabilizes active muscles",Toys,https://related-items-pictures.s3-us-west-2.amazonaws.com/images/494.jpg
76,Fantastic Concrete Shoes,841.00,"New range of formal shirts are designed keeping you in mind. With fits and styling that will make you stand apart",Books,https://related-items-pictures.s3-us-west-2.amazonaws.com/images/526.jpg
77,Ergonomic Fresh Computer,39.00,"Ergonomic executive chair upholstered in bonded black leather and PVC padded seat and back for all-day comfort and support",Games,https://related-items-pictures.s3-us-west-2.amazonaws.com/images/806.jpg
78,Awesome Frozen Pizza,111.00,"Ergonomic executive chair upholstered in bonded black leather and PVC padded seat and back for all-day comfort and support",Music,https://related-items-pictures.s3-us-west-2.amazonaws.com/images/245.jpg
79,Incredible Cotton Cheese,39.00,"The Football Is Good For Training And Recreational Purposes",Outdoors,https://related-items-pictures.s3-us-west-2.amazonaws.com/images/530.jpg
80,Ergonomic Metal Tuna,65.00,"Andy shoes are designed to keeping in mind durability as well as trends, the most stylish range of shoes & sandals",Tools,https://related-items-pictures.s3-us-west-2.amazonaws.com/images/395.jpg
81,Intelligent Wooden Shirt,840.00,"Boston's most advanced compression wear technology increases muscle oxygenation, stabilizes active muscles",Sports,https://related-items-pictures.s3-us-west-2.amazonaws.com/images/727.jpg
82,Handmade Concrete Bike,883.00,"The Nagasaki Lander is the trademarked name of several series of Nagasaki sport bikes, that started with the 1984 ABC800J",Games,https://related-items-pictures.s3-us-west-2.amazonaws.com/images/268.jpg
83,Generic Wooden Shirt,77.00,"The slim & simple Maple Gaming Keyboard from Dev Byte comes with a sleek body and 7- Color RGB LED Back-lighting for smart functionality",Movies,https://related-items-pictures.s3-us-west-2.amazonaws.com/images/527.jpg
84,Licensed Rubber Pants,225.00,"The automobile layout consists of a front-engine design, with transaxle-type transmissions mounted at the rear of the engine and four wheel drive",Health,https://related-items-pictures.s3-us-west-2.amazonaws.com/images/483.jpg
85,Generic Concrete Keyboard,93.00,"The beautiful range of Apple Naturalé that has an exciting mix of natural ingredients. With the Goodness of 100% Natural Ingredients",Games,https://related-items-pictures.s3-us-west-2.amazonaws.com/images/974.jpg
86,Licensed Frozen Bike,531.00,"The Nagasaki Lander is the trademarked name of several series of Nagasaki sport bikes, that started with the 1984 ABC800J",Computers,https://related-items-pictures.s3-us-west-2.amazonaws.com/images/890.jpg
87,Tasty Soft Ball,362.00,"Carbonite web goalkeeper gloves are ergonomically designed to give easy fit",Music,https://related-items-pictures.s3-us-west-2.amazonaws.com/images/339.jpg
88,Practical Frozen Pants,745.00,"The Apollotech B340 is an affordable wireless mouse with reliable connectivity, 12 months battery life and modern design",Home,https://related-items-pictures.s3-us-west-2.amazonaws.com/images/34.jpg
89,Fantastic Plastic Soap,608.00,"The slim & simple Maple Gaming Keyboard from Dev Byte comes with a sleek body and 7- Color RGB LED Back-lighting for smart functionality",Tools,https://related-items-pictures.s3-us-west-2.amazonaws.com/images/500.jpg
90,Unbranded Metal Shoes,580.00,"Carbonite web goalkeeper gloves are ergonomically designed to give easy fit",Industrial,https://related-items-pictures.s3-us-west-2.amazonaws.com/images/72.jpg
91,Sleek Frozen Table,740.00,"The Football Is Good For Training And Recreational Purposes",Games,https://related-items-pictures.s3-us-west-2.amazonaws.com/images/804.jpg
92,Intelligent Frozen Bike,409.00,"Boston's most advanced compression wear technology increases muscle oxygenation, stabilizes active muscles",Grocery,https://related-items-pictures.s3-us-west-2.amazonaws.com/images/178.jpg
93,Handmade Wooden Hat,302.00,"The slim & simple Maple Gaming Keyboard from Dev Byte comes with a sleek body and 7- Color RGB LED Back-lighting for smart functionality",Jewelery,https://related-items-pictures.s3-us-west-2.amazonaws.com/images/971.jpg
94,Awesome Cotton Pizza,198.00,"The slim & simple Maple Gaming Keyboard from Dev Byte comes with a sleek body and 7- Color RGB LED Back-lighting for smart functionality",Industrial,https://related-items-pictures.s3-us-west-2.amazonaws.com/images/749.jpg
95,Handmade Steel Pants,101.00,"The beautiful range of Apple Naturalé that has an exciting mix of natural ingredients. With the Goodness of 100% Natural Ingredients",Games,https://related-items-pictures.s3-us-west-2.amazonaws.com/images/494.jpg
96,Handmade Fresh Bacon,491.00,"The Nagasaki Lander is the trademarked name of several series of Nagasaki sport bikes, that started with the 1984 ABC800J",Music,https://related-items-pictures.s3-us-west-2.amazonaws.com/images/969.jpg
97,Incredible Plastic Shirt,328.00,"The automobile layout consists of a front-engine design, with transaxle-type transmissions mounted at the rear of the engine and four wheel drive",Health,https://related-items-pictures.s3-us-west-2.amazonaws.com/images/684.jpg
98,Awesome Granite Chips,978.00,"New range of formal shirts are designed keeping you in mind. With fits and styling that will make you stand apart",Beauty,https://related-items-pictures.s3-us-west-2.amazonaws.com/images/627.jpg
99,Handmade Rubber Fish,37.00,"The slim & simple Maple Gaming Keyboard from Dev Byte comes with a sleek body and 7- Color RGB LED Back-lighting for smart functionality",Home,https://related-items-pictures.s3-us-west-2.amazonaws.com/images/730.jpg
100,Awesome Frozen Keyboard,569.00,"Andy shoes are designed to keeping in mind durability as well as trends, the most stylish range of shoes & sandals",Baby,https://related-items-pictures.s3-us-west-2.amazonaws.com/images/295.jpg
